﻿Designator,Footprint,Quantity,Value,LCSC Part #
"C1, C2",0805,2,22pF,
"C10, C4, C7",0805,3,1µF,
"C11, C3, C8",0805,3,100pF,
"C12, C13, C14, C5, C6, C9",0805,6,10µF,
D1,D_DO-201AD_P15.24mm_Horizontal,1,1.5KExxA,
D2,SOT-23,1,BZX 84-C4V7,
D3,0805,1,LED gn,
D4,0805,1,LED rt,
D5,SOT-23,1,PESD1CAN,
J1,PinHeader_1x04_P2.54mm_Vertical,1,Conn_01x04,
"J2, J4",PinHeader_1x03_P2.54mm_Vertical,2,Conn_01x03,
J3,PinHeader_1x05_P2.54mm_Vertical,1,Conn_01x05,
J5,IDC-Header_2x05_P2.54mm_Vertical,1,Conn_02x05_Odd_Even,
"JP1, JP2, JP3",SolderJumper-2_P1.3mm_Open_RoundedPad1.0x1.5mm,3,Jumper_2_Open,
Q1,SOT-23,1,NX2301P,
R1,0805,1,1k,
"R10, R11, R12, R13, R2, R3, R4, R5",0805,8,10k,
"R6, R7",0805,2,200,
SW1,SW_TH_Tactile_Omron_B3F-10xx,1,SW_Omron_B3FS,
U1,SOIC-18W_7.5x11.6mm_P1.27mm,1,MCP2515-xSO,
U2,SOIC-8_3.9x4.9mm_P1.27mm,1,TJA1051T,
U3,SOT-23,1,MCP1700x-120xxTT,
U4,TQFP-32_7x7mm_P0.8mm,1,ATSAMD21E17A-A,
U6,TO-220-3_Vertical,1,LM7805_TO220,
Y1,Crystal_HC49-4H_Vertical,1,8MHz,
